{"name":"80458f17-d966-4db8-9b04-b93bc399bb5e","id":"/providers/Microsoft.Flow/flows/80458f17-d966-4db8-9b04-b93bc399bb5e","type":"Microsoft.Flow/flows","properties":{"apiId":"/providers/Microsoft.PowerApps/apis/shared_logicflows","displayName":"CIIC - Intake Tool Submission","definition":{"metadata":{"workflowEntityId":null,"processAdvisorMetadata":null,"flowChargedByPaygo":null,"flowclientsuspensionreason":"None","flowclientsuspensiontime":null,"flowclientsuspensionreasondetails":null,"creator":{"id":"6f522444-4c87-4ca7-af4b-c450791c3162","type":"User","tenantId":"5d3e2773-e07f-4432-a630-1a0f68a28a05"},"provisioningMethod":"FromDefinition","failureAlertSubscription":true,"clientLastModifiedTime":"2024-07-02T19:32:17.9119973Z","connectionKeySavedTimeKey":"2024-07-02T19:32:17.9119973Z"},"$schema":"https://schema.management.azure.com/providers/Microsoft.Logic/schemas/2016-06-01/workflowdefinition.json#","contentVersion":"1.0.0.0","parameters":{"$authentication":{"defaultValue":{},"type":"SecureObject"},"$connections":{"defaultValue":{},"type":"Object"}},"triggers":{"When_an_item_is_created":{"recurrence":{"frequency":"Minute","interval":3},"splitOn":"@triggerOutputs()?['body/value']","metadata":{"operationMetadataId":"c444e200-cfaf-44c9-a141-91895f8675a3"},"type":"OpenApiConnection","inputs":{"parameters":{"dataset":"https://mfc.sharepoint.com/sites/InsuranceServicesReporting","table":"48fb817a-d18a-4118-bd93-42934e8ba5ff"},"host":{"apiId":"/providers/Microsoft.PowerApps/apis/shared_sharepointonline","connectionName":"shared_sharepointonline","operationId":"GetOnNewItems"},"authentication":"@parameters('$authentication')"}}},"actions":{"Send_an_email_to_the_requestor_and_Reporting_Team":{"runAfter":{"Get_user_email_address":["Succeeded"]},"metadata":{"operationMetadataId":"c1cacfb9-299f-4e53-9e99-778beef77b33"},"type":"OpenApiConnection","inputs":{"parameters":{"emailMessage/To":"@{outputs('Get_user_email_address')?['body/mail']}@{triggerOutputs()?['body/AssignedTo_x003a_/Email']}","emailMessage/Subject":"New Request Submitted: Ticket ID: @{triggerOutputs()?['body/Letters']}","emailMessage/Body":"<p>Hi, @{outputs('Get_user_email_address')?['body/displayName']}.</p><p>I hope all is well.</p><p>Thank you for submitting your request. Here is your<b><strong> </strong></b><b><strong>Ticket ID: </strong></b>@{triggerOutputs()?['body/Letters']} for your reference.</p><p>We will address your request based on the priority you selected:   @{triggerBody()?['Priority']?['Value']}<b><strong>.</strong></b></p><br><p>Thank you.</p><p><b><strong>Insurance Operations Reporting</strong></b></p>","emailMessage/From":"Insurance_Operations_Reporting@manulife.com","emailMessage/Cc":"Insurance_Operations_Reporting@manulife.com","emailMessage/ReplyTo":"Insurance_Operations_Reporting@manulife.com","emailMessage/Importance":"High"},"host":{"apiId":"/providers/Microsoft.PowerApps/apis/shared_office365","connectionName":"shared_office365","operationId":"SendEmailV2"},"authentication":"@parameters('$authentication')"}},"Get_user_email_address":{"runAfter":{},"metadata":{"operationMetadataId":"ce278d52-80c7-4b39-bb7f-575272377d90"},"type":"OpenApiConnection","inputs":{"parameters":{"id":"@triggerOutputs()?['body/Author/Email']"},"host":{"apiId":"/providers/Microsoft.PowerApps/apis/shared_office365users","connectionName":"shared_office365users","operationId":"UserProfile_V2"},"authentication":"@parameters('$authentication')"}}},"description":""},"connectionReferences":{"shared_sharepointonline":{"connectionName":"f8bb2388983f4cd7aacc690a74a68fe7","source":"Embedded","id":"/providers/Microsoft.PowerApps/apis/shared_sharepointonline","tier":"NotSpecified"},"shared_office365":{"connectionName":"429a344bb9dd4f41aa647d1f56127975","source":"Embedded","id":"/providers/Microsoft.PowerApps/apis/shared_office365","tier":"NotSpecified"},"shared_office365users":{"connectionName":"98226b4e09eb4d7e80fa4f7004d39d8c","source":"Embedded","id":"/providers/Microsoft.PowerApps/apis/shared_office365users","tier":"NotSpecified"}},"flowFailureAlertSubscribed":false,"isManaged":false}}