{"name":"30c4ffce-65f9-46d4-aaee-214b91ca3ad1","id":"/providers/Microsoft.Flow/flows/30c4ffce-65f9-46d4-aaee-214b91ca3ad1","type":"Microsoft.Flow/flows","properties":{"apiId":"/providers/Microsoft.PowerApps/apis/shared_logicflows","displayName":"CSC - Bright ideas flow","definition":{"metadata":{"workflowEntityId":null,"processAdvisorMetadata":null,"flowChargedByPaygo":null,"flowclientsuspensionreason":"None","flowclientsuspensiontime":null,"flowclientsuspensionreasondetails":null,"creator":{"id":"6f522444-4c87-4ca7-af4b-c450791c3162","type":"User","tenantId":"5d3e2773-e07f-4432-a630-1a0f68a28a05"},"provisioningMethod":"FromDefinition","failureAlertSubscription":true,"clientLastModifiedTime":"2024-07-02T19:32:44.9867011Z","connectionKeySavedTimeKey":"2024-07-02T19:32:44.9867011Z"},"$schema":"https://schema.management.azure.com/providers/Microsoft.Logic/schemas/2016-06-01/workflowdefinition.json#","contentVersion":"1.0.0.0","parameters":{"$connections":{"defaultValue":{},"type":"Object"},"$authentication":{"defaultValue":{},"type":"SecureObject"}},"triggers":{"When_an_item_is_created_or_modified":{"recurrence":{"frequency":"Minute","interval":3},"splitOn":"@triggerOutputs()?['body/value']","metadata":{"operationMetadataId":"198f5d7b-36f7-4976-af8a-dd420de93de9"},"type":"OpenApiConnection","inputs":{"host":{"apiId":"/providers/Microsoft.PowerApps/apis/shared_sharepointonline","connectionName":"shared_sharepointonline","operationId":"GetOnUpdatedItems"},"parameters":{"dataset":"https://mfc.sharepoint.com/sites/MBPS_CSC","table":"a6e84fcc-cb89-40d3-bce8-8f53eb50fc62"},"authentication":"@parameters('$authentication')"}}},"actions":{"Pending_":{"actions":{"submitted_idea":{"runAfter":{},"metadata":{"operationMetadataId":"5b214364-f1f4-4b07-8cdb-654be2ee4569"},"type":"OpenApiConnection","inputs":{"host":{"apiId":"/providers/Microsoft.PowerApps/apis/shared_office365","connectionName":"shared_office365","operationId":"SharedMailboxSendEmailV2"},"parameters":{"emailMessage/MailboxAddress":"CSC_Bright_Idea@manulife.com","emailMessage/To":"@triggerOutputs()?['body/Leader/Email']","emailMessage/Subject":"A Bright Idea was Submitted by one of Your Direct Reports (@{triggerOutputs()?['body/Team_x0020_Name/Value']})","emailMessage/Body":"<p>Hello @{triggerOutputs()?['body/Leader/DisplayName']},<br>\n<br>\nYour direct report, @{triggerOutputs()?['body/Author/DisplayName']} submitted a new bright idea.<br>\nGrateful if you can review and update the status field within 1 – 2 business days through this link: @{triggerOutputs()?['body/{Link}']}<br>\n<br>\n• Status: Approved, Declined or Duplicate<br>\n<br>\nHere are some items to consider for your approval:<br>\n Will this impact tNPS?<br>\n Will this have impact to calls/email volumes/chat/AHT/capacity/etc.? &nbsp;<br>\n Will this address the challenge in making things easier, better, and faster? &nbsp;<br>\n Is the idea or process already existing?<br>\n Is there any restrictions or risk associated when implementing the bright idea?<br>\n<br>\nThank you!<br>\n<br>\nCSC Agile Simplify Process Squad<br>\nManulife Business Processing Services</p>","emailMessage/Importance":"Normal"},"authentication":"@parameters('$authentication')"}},"Delay":{"runAfter":{"submitted_idea":["Succeeded"]},"metadata":{"operationMetadataId":"96b77f64-59d9-47d0-a10c-8d27423033c1"},"type":"Wait","inputs":{"interval":{"count":7,"unit":"Day"}}},"Pending_2":{"actions":{"1st_follow_up":{"runAfter":{},"metadata":{"operationMetadataId":"5be33a9d-3916-4641-949e-8fe0030f040b"},"type":"OpenApiConnection","inputs":{"host":{"apiId":"/providers/Microsoft.PowerApps/apis/shared_office365","connectionName":"shared_office365","operationId":"SharedMailboxSendEmailV2"},"parameters":{"emailMessage/MailboxAddress":"CSC_Bright_Idea@manulife.com","emailMessage/To":"@triggerOutputs()?['body/Leader/Email']","emailMessage/Subject":"A Bright Idea was Submitted by one of Your Direct Reports - 1st follow-up","emailMessage/Body":"<p><em><strong>**1st FOLLOW-UP**</strong></em><br>\n<br>\nHello @{triggerOutputs()?['body/Leader/DisplayName']},<br>\n<br>\nYour direct report, @{triggerOutputs()?['body/Author/DisplayName']}, submitted a new bright idea.<br>\n<br>\nGrateful if you can review and update the status field <strong>within 1 – 2 business days</strong> through this link: @{triggerOutputs()?['body/{Link}']}<br>\n<br>\n• Status: Approved, Declined or Duplicate<br>\n<br>\nHere are some items to consider for your approval:<br>\n- Will this impact tNPS?<br>\n- Will this have impact to calls/email volumes/chat/AHT/capacity/etc.? &nbsp;<br>\n- Will this address the challenge in making things easier, better, and faster? &nbsp;<br>\n- Is the idea or process already existing?<br>\n- Is there any restrictions or risk associated when implementing the bright idea?<br>\n<br>\nSincerely,<br>\nCSC Agile Simplify Process Squad<br>\n</p>","emailMessage/Sensitivity":"5a27cab5-59e6-424d-abbb-227cd06504a3","emailMessage/ReplyTo":"CSC_Bright_Idea@manulife.com","emailMessage/Importance":"High"},"authentication":"@parameters('$authentication')"}},"Delay_2":{"runAfter":{"1st_follow_up":["Succeeded"]},"metadata":{"operationMetadataId":"96b77f64-59d9-47d0-a10c-8d27423033c1"},"type":"Wait","inputs":{"interval":{"count":7,"unit":"Day"}}},"Pending_3":{"actions":{"2nd_follow_up_":{"runAfter":{},"metadata":{"operationMetadataId":"5be33a9d-3916-4641-949e-8fe0030f040b"},"type":"OpenApiConnection","inputs":{"host":{"apiId":"/providers/Microsoft.PowerApps/apis/shared_office365","connectionName":"shared_office365","operationId":"SharedMailboxSendEmailV2"},"parameters":{"emailMessage/MailboxAddress":"CSC_Bright_Idea@manulife.com","emailMessage/To":"@triggerOutputs()?['body/Leader/Email']","emailMessage/Subject":"A Bright Idea was Submitted by one of Your Direct Reports - 2nd follow-up","emailMessage/Body":"<p><em><strong>**2nd FOLLOW-UP**</strong></em><br>\n<br>\nHello @{triggerOutputs()?['body/Leader/DisplayName']},<br>\n<br>\nYour direct report, @{triggerOutputs()?['body/Author/DisplayName']}, submitted a new bright idea.<br>\n<br>\nGrateful if you can review and update the status field <strong>within 1 – 2 business days</strong> through this link: @{triggerOutputs()?['body/{Link}']}<br>\n<br>\n• Status: Approved, Declined or Duplicate<br>\n<br>\nHere are some items to consider for your approval:<br>\n- Will this impact tNPS?<br>\n- Will this have impact to calls/email volumes/chat/AHT/capacity/etc.? &nbsp;<br>\n- Will this address the challenge in making things easier, better, and faster? &nbsp;<br>\n- Is the idea or process already existing?<br>\n- Is there any restrictions or risk associated when implementing the bright idea?<br>\n<br>\nSincerely,<br>\nCSC Agile Simplify Process Squad<br>\n</p>","emailMessage/Sensitivity":"5a27cab5-59e6-424d-abbb-227cd06504a3","emailMessage/ReplyTo":"CSC_Bright_Idea@manulife.com","emailMessage/Importance":"High"},"authentication":"@parameters('$authentication')"}},"Delay_3":{"runAfter":{"2nd_follow_up_":["Succeeded"]},"metadata":{"operationMetadataId":"96b77f64-59d9-47d0-a10c-8d27423033c1"},"type":"Wait","inputs":{"interval":{"count":7,"unit":"Day"}}},"Pending_4":{"actions":{"3rd_follow_up_":{"runAfter":{},"metadata":{"operationMetadataId":"5be33a9d-3916-4641-949e-8fe0030f040b"},"type":"OpenApiConnection","inputs":{"host":{"apiId":"/providers/Microsoft.PowerApps/apis/shared_office365","connectionName":"shared_office365","operationId":"SharedMailboxSendEmailV2"},"parameters":{"emailMessage/MailboxAddress":"CSC_Bright_Idea@manulife.com","emailMessage/To":"@triggerOutputs()?['body/Leader/Email']","emailMessage/Subject":"A Bright Idea was Submitted by one of Your Direct Reports - 3rd follow-up","emailMessage/Body":"<p><em><strong>**3rd FOLLOW-UP**</strong></em><br>\n<br>\nHello @{triggerOutputs()?['body/Leader/DisplayName']},<br>\n<br>\nYour direct report, @{triggerOutputs()?['body/Author/DisplayName']}, submitted a new bright idea.<br>\n<br>\nGrateful if you can review and update the status field <strong>within 1 – 2 business days</strong> through this link: @{triggerOutputs()?['body/{Link}']}<br>\n<br>\n• Status: Approved, Declined or Duplicate<br>\n<br>\nHere are some items to consider for your approval:<br>\n- Will this impact tNPS?<br>\n- Will this have impact to calls/email volumes/chat/AHT/capacity/etc.? &nbsp;<br>\n- Will this address the challenge in making things easier, better, and faster? &nbsp;<br>\n- Is the idea or process already existing?<br>\n- Is there any restrictions or risk associated when implementing the bright idea?<br>\n<br>\nSincerely,<br>\nCSC Agile Simplify Process Squad<br>\n</p>","emailMessage/Sensitivity":"5a27cab5-59e6-424d-abbb-227cd06504a3","emailMessage/ReplyTo":"CSC_Bright_Idea@manulife.com","emailMessage/Importance":"High"},"authentication":"@parameters('$authentication')"}},"Delay_4":{"runAfter":{"3rd_follow_up_":["Succeeded"]},"metadata":{"operationMetadataId":"96b77f64-59d9-47d0-a10c-8d27423033c1"},"type":"Wait","inputs":{"interval":{"count":7,"unit":"Day"}}},"Pending_final":{"actions":{"Send_an_email_from_a_shared_mailbox_(V2)":{"runAfter":{},"metadata":{"operationMetadataId":"809f2ef0-6d30-4d91-9d0c-c1cc2724a1ce"},"type":"OpenApiConnection","inputs":{"host":{"apiId":"/providers/Microsoft.PowerApps/apis/shared_office365","connectionName":"shared_office365","operationId":"SharedMailboxSendEmailV2"},"parameters":{"emailMessage/MailboxAddress":"CSC_Bright_Idea@manulife.com","emailMessage/To":"@triggerOutputs()?['body/Leader/Email']","emailMessage/Subject":"A Bright Idea was Submitted by one of Your Direct Reports - Final follow-up","emailMessage/Body":"<p><strong>**Final FOLLOW-UP**</strong><br>\n<br>\nHello @{triggerOutputs()?['body/Leader/DisplayName']},<br>\n<br>\nYour direct report, @{triggerOutputs()?['body/Author/DisplayName']}, submitted a new bright idea.<br>\n<br>\nGrateful if you can review and update the status field within 1 – 2 business days through this link: @{triggerOutputs()?['body/{Link}']}<br>\n<br>\n• Status: Approved, Declined or Duplicate<br>\n<br>\nHere are some items to consider for your approval:<br>\n- Will this impact tNPS?<br>\n- Will this have impact to calls/email volumes/chat/AHT/capacity/etc.? &nbsp;<br>\n- Will this address the challenge in making things easier, better, and faster? &nbsp;<br>\n- Is the idea or process already existing?<br>\n- Is there any restrictions or risk associated when implementing the bright idea?<br>\n<br>\nSincerely,<br>\nCSC Agile Simplify Process Squad</p>","emailMessage/Importance":"Normal"},"authentication":"@parameters('$authentication')"}},"Delay_5":{"runAfter":{"Send_an_email_from_a_shared_mailbox_(V2)":["Succeeded"]},"metadata":{"operationMetadataId":"e4f6b014-3995-4ba9-87b6-1d6b6cc27f3e"},"type":"Wait","inputs":{"interval":{"count":5,"unit":"Day"}}},"Condition":{"actions":{"Update_item":{"runAfter":{},"metadata":{"operationMetadataId":"4945ad2d-2490-425a-be79-56221a1cff32"},"type":"OpenApiConnection","inputs":{"host":{"apiId":"/providers/Microsoft.PowerApps/apis/shared_sharepointonline","connectionName":"shared_sharepointonline","operationId":"PatchItem"},"parameters":{"dataset":"https://mfc.sharepoint.com/sites/MBPS_CSC","table":"a6e84fcc-cb89-40d3-bce8-8f53eb50fc62","id":"@triggerOutputs()?['body/ID']","item/Bright_x0020_Idea_x0020_Title":"@triggerOutputs()?['body/Bright_x0020_Idea_x0020_Title']","item/Status/Value":"Closed - not pursued"},"authentication":"@parameters('$authentication')"}}},"runAfter":{"Get_item_5":["Succeeded"]},"expression":{"equals":["@outputs('Get_item_5')?['body/Status/Value']","Pending"]},"metadata":{"operationMetadataId":"05266698-e2f6-4ad7-863e-5ed2bc9ba17c"},"type":"If"},"Get_item_5":{"runAfter":{"Delay_5":["Succeeded"]},"metadata":{"operationMetadataId":"b90d9a26-10c3-400d-819d-9f36c199dd24"},"type":"OpenApiConnection","inputs":{"host":{"apiId":"/providers/Microsoft.PowerApps/apis/shared_sharepointonline","connectionName":"shared_sharepointonline","operationId":"GetItem"},"parameters":{"dataset":"https://mfc.sharepoint.com/sites/MBPS_CSC","table":"a6e84fcc-cb89-40d3-bce8-8f53eb50fc62","id":"@triggerOutputs()?['body/ID']"},"authentication":"@parameters('$authentication')"}}},"runAfter":{"Get_item_4":["Succeeded"]},"expression":{"equals":["@outputs('Get_item_4')?['body/Status/Value']","Pending"]},"metadata":{"operationMetadataId":"692c8fe9-ba5a-4173-b20d-d83625e68ac2"},"type":"If"},"Get_item_4":{"runAfter":{"Delay_4":["Succeeded"]},"metadata":{"operationMetadataId":"c0c2b2aa-9d3e-41a9-bfd2-49c21ba01b36"},"type":"OpenApiConnection","inputs":{"host":{"apiId":"/providers/Microsoft.PowerApps/apis/shared_sharepointonline","connectionName":"shared_sharepointonline","operationId":"GetItem"},"parameters":{"dataset":"https://mfc.sharepoint.com/sites/MBPS_CSC","table":"a6e84fcc-cb89-40d3-bce8-8f53eb50fc62","id":"@triggerOutputs()?['body/ID']"},"authentication":"@parameters('$authentication')"}}},"runAfter":{"Get_item_3":["Succeeded"]},"expression":{"equals":["@outputs('Get_item_3')?['body/Status/Value']","Pending"]},"metadata":{"operationMetadataId":"80265383-7c12-4ba0-ad4e-b69efd172c19"},"type":"If"},"Get_item_3":{"runAfter":{"Delay_3":["Succeeded"]},"metadata":{"operationMetadataId":"4c260e08-9679-43de-b0fa-2fa4565ee055"},"type":"OpenApiConnection","inputs":{"host":{"apiId":"/providers/Microsoft.PowerApps/apis/shared_sharepointonline","connectionName":"shared_sharepointonline","operationId":"GetItem"},"parameters":{"dataset":"https://mfc.sharepoint.com/sites/MBPS_CSC","table":"a6e84fcc-cb89-40d3-bce8-8f53eb50fc62","id":"@triggerOutputs()?['body/ID']"},"authentication":"@parameters('$authentication')"}}},"runAfter":{"Get_item_2":["Succeeded"]},"expression":{"equals":["@outputs('Get_item_2')?['body/Status/Value']","Pending"]},"metadata":{"operationMetadataId":"80265383-7c12-4ba0-ad4e-b69efd172c19"},"type":"If"},"Get_item_2":{"runAfter":{"Delay_2":["Succeeded"]},"metadata":{"operationMetadataId":"fdad9c33-1a13-4a61-bbdc-df43938866be"},"type":"OpenApiConnection","inputs":{"host":{"apiId":"/providers/Microsoft.PowerApps/apis/shared_sharepointonline","connectionName":"shared_sharepointonline","operationId":"GetItem"},"parameters":{"dataset":"https://mfc.sharepoint.com/sites/MBPS_CSC","table":"a6e84fcc-cb89-40d3-bce8-8f53eb50fc62","id":"@triggerOutputs()?['body/ID']"},"authentication":"@parameters('$authentication')"}}},"runAfter":{"Get_item":["Succeeded"]},"expression":{"equals":["@outputs('Get_item')?['body/Status/Value']","Pending"]},"metadata":{"operationMetadataId":"114687bd-039b-41ae-90e7-d721f6330245"},"type":"If"},"Get_item":{"runAfter":{"Delay":["Succeeded"]},"metadata":{"operationMetadataId":"65a64c02-1dbc-4d39-91a0-423937b904a8"},"type":"OpenApiConnection","inputs":{"host":{"apiId":"/providers/Microsoft.PowerApps/apis/shared_sharepointonline","connectionName":"shared_sharepointonline","operationId":"GetItem"},"parameters":{"dataset":"https://mfc.sharepoint.com/sites/MBPS_CSC","table":"a6e84fcc-cb89-40d3-bce8-8f53eb50fc62","id":"@triggerOutputs()?['body/ID']"},"authentication":"@parameters('$authentication')"}}},"runAfter":{},"expression":{"equals":["@triggerOutputs()?['body/Status/Value']","Pending"]},"metadata":{"operationMetadataId":"57ab14c8-3e21-44ee-82d4-c43354a9db80"},"type":"If"},"Approved":{"actions":{"Get_file_content_using_path":{"runAfter":{},"metadata":{"operationMetadataId":"fb79058e-0d49-40e5-afad-61ebf022b97b"},"type":"OpenApiConnection","inputs":{"host":{"apiId":"/providers/Microsoft.PowerApps/apis/shared_sharepointonline","connectionName":"shared_sharepointonline","operationId":"GetFileContentByPath"},"parameters":{"dataset":"https://mfc.sharepoint.com/sites/MBPS_CSC","path":"/Shared Documents/AGILE Squad/Simplify Process/CSC Bright Idea/Templates/Bright Idea Presentation Template (1).pptx","inferContentType":true},"authentication":"@parameters('$authentication')"}},"Approved_":{"runAfter":{"Get_file_content_using_path":["Succeeded"]},"metadata":{"operationMetadataId":"6974f89f-2078-4387-a9af-1859721ea53d"},"type":"OpenApiConnection","inputs":{"host":{"apiId":"/providers/Microsoft.PowerApps/apis/shared_office365","connectionName":"shared_office365","operationId":"SharedMailboxSendEmailV2"},"parameters":{"emailMessage/MailboxAddress":"CSC_Bright_Idea@manulife.com","emailMessage/To":"@triggerOutputs()?['body/Author/Email']","emailMessage/Subject":"Approved Bright Idea - \"@{triggerOutputs()?['body/Bright_x0020_Idea_x0020_Title']}\"","emailMessage/Body":"<p>Hello, Bright Idea Sender.<br>\n<br>\nI hope all is well.<br>\n<br>\nWe have received your approved bright idea entry, and we would like to tell you— YOU ARE A ROCKSTAR!<br>\n<br>\nWe think your idea is a potential cost saving and you have our support in getting this reviewed further!<br>\n<br>\nWe would like to invite you in the Initiation and Conception stage of this idea starting off with a discovery meeting. &nbsp;<br>\n<br>\nPlease complete the attached presentation template with more details about your idea and respond to this email within <em><strong>10 business days </strong></em>from receipt of this email. Once received, we will set up a meeting with you and your Leader to discuss your bright idea further.<br>\n<br>\n*<strong>Please ensure to keep the naming convention of the file as is for ease of tracking when sending it back to us.</strong><br>\n<br>\nThanks, and feel free to reach out for any questions. Take good care always! &nbsp;<br>\n<br>\nSincerely,<br>\nCSC Agile Simplify Process Squad<br>\n</p>","emailMessage/Cc":"CSC_Bright_Idea@manulife.com; @{triggerOutputs()?['body/Leader/Email']}","emailMessage/Attachments":[{"Name":"Bright Idea Presentation Template - @{triggerOutputs()?['body/Bright_x0020_Idea_x0020_Title']} - @{triggerOutputs()?['body/Author/DisplayName']}.pptx","ContentBytes":"@body('Get_file_content_using_path')"}],"emailMessage/ReplyTo":"CSC_Bright_Idea@manulife.com","emailMessage/Importance":"High"},"authentication":"@parameters('$authentication')"}},"Get_files_(properties_only)":{"runAfter":{"Delay_6":["Succeeded"]},"metadata":{"operationMetadataId":"f71bc20e-a840-4837-975c-6bfe54776fa9"},"type":"OpenApiConnection","inputs":{"host":{"apiId":"/providers/Microsoft.PowerApps/apis/shared_sharepointonline","connectionName":"shared_sharepointonline","operationId":"GetFileItems"},"parameters":{"dataset":"https://mfc.sharepoint.com/sites/MBPS_CSC","table":"25d09ce2-dd74-4ec5-9c06-92466e7a9fe6","folderPath":"/Shared Documents/AGILE Squad/Simplify Process/CSC Bright Idea/2024 presentations"},"authentication":"@parameters('$authentication')"}},"Delay_6":{"runAfter":{"Approved_":["Succeeded"]},"metadata":{"operationMetadataId":"e661b1dd-d298-44aa-b015-5433f8c2e9c3"},"type":"Wait","inputs":{"interval":{"count":7,"unit":"Day"}}},"Apply_to_each":{"foreach":"@outputs('Get_files_(properties_only)')?['body/value']","actions":{"Check_ppt_1":{"actions":{},"runAfter":{},"else":{"actions":{"Approved_1st_follow_up":{"runAfter":{},"metadata":{"operationMetadataId":"2001b83a-bf07-49dd-80f0-85acb1858372"},"type":"OpenApiConnection","inputs":{"host":{"apiId":"/providers/Microsoft.PowerApps/apis/shared_office365","connectionName":"shared_office365","operationId":"SharedMailboxSendEmailV2"},"parameters":{"emailMessage/MailboxAddress":"CSC_Bright_Idea@manulife.com","emailMessage/To":"@triggerOutputs()?['body/Author/Email']","emailMessage/Subject":"Approved Bright Idea - \"@{triggerOutputs()?['body/Bright_x0020_Idea_x0020_Title']}\" - 1st follow-up","emailMessage/Body":"<p>Hello, Bright Idea Sender,<br>\n<br>\nI hope all is well.<br>\n<br>\nWe have received your approved bright idea entry, and we would like to tell you— YOU ARE A ROCKSTAR!<br>\n<br>\nWe think your idea is a potential cost saving and you have our support in getting this reviewed further!<br>\n<br>\nWe would like to invite you in the Initiation and Conception stage of this idea starting off with a discovery meeting. &nbsp;<br>\n<br>\nPlease complete the attached presentation template with more details about your idea and respond to this email within <em><strong>10 business days</strong></em> from receipt of this email.<br>\nOnce received, we will set up a meeting with you and your Leader to discuss your bright idea further.<br>\n<br>\n<strong>*Please ensure to keep the naming convention of the file as is for ease of tracking when sending it back to us.</strong><br>\n<br>\nThanks, and feel free to reach out for any questions. Take good care always! &nbsp;<br>\n<br>\nSincerely,<br>\nCSC Agile Simplify Process Squad&nbsp;</p>","emailMessage/Cc":"CSC_Bright_Idea@manulife.com; @{triggerOutputs()?['body/Leader/Email']}","emailMessage/Attachments":[{"Name":"Bright Idea Presentation Template -@{triggerOutputs()?['body/Bright_x0020_Idea_x0020_Title']} - @{triggerOutputs()?['body/Author/DisplayName']}.pptx","ContentBytes":"@body('Get_file_content_using_path')"}],"emailMessage/Sensitivity":"5a27cab5-59e6-424d-abbb-227cd06504a3","emailMessage/ReplyTo":"CSC_Bright_Idea@manulife.com","emailMessage/Importance":"High"},"authentication":"@parameters('$authentication')"}},"Delay_7":{"runAfter":{"Approved_1st_follow_up":["Succeeded"]},"metadata":{"operationMetadataId":"812848f7-644b-4da8-881b-70b87bcd77b6"},"type":"Wait","inputs":{"interval":{"count":7,"unit":"Day"}}},"Check_ppt_2":{"actions":{},"runAfter":{"Delay_7":["Succeeded"]},"else":{"actions":{"Approved_2nd_follow_up":{"runAfter":{},"metadata":{"operationMetadataId":"311c2c32-ffbf-4d18-ac43-a41fca91f77f"},"type":"OpenApiConnection","inputs":{"host":{"apiId":"/providers/Microsoft.PowerApps/apis/shared_office365","connectionName":"shared_office365","operationId":"SharedMailboxSendEmailV2"},"parameters":{"emailMessage/MailboxAddress":"CSC_Bright_Idea@manulife.com","emailMessage/To":"@triggerOutputs()?['body/Author/Email']","emailMessage/Subject":"Approved Bright Idea - \"@{triggerOutputs()?['body/Bright_x0020_Idea_x0020_Title']}\" - 2nd follow-up","emailMessage/Body":"<p>Hello, Bright Idea Sender,<br>\n<br>\nI hope all is well.<br>\n<br>\nWe have received your approved bright idea entry, and we would like to tell you— YOU ARE A ROCKSTAR!<br>\n<br>\nWe think your idea is a potential cost saving and you have our support in getting this reviewed further!<br>\n<br>\nWe would like to invite you in the Initiation and Conception stage of this idea starting off with a discovery meeting. &nbsp;<br>\n<br>\nPlease complete the attached presentation template with more details about your idea and respond to this email within <em><strong>10 business days</strong></em> from receipt of this email.<br>\nOnce received, we will set up a meeting with you and your Leader to discuss your bright idea further.<br>\n<br>\n<strong>*Please ensure to keep the naming convention of the file as is for ease of tracking when sending it back to us.</strong><br>\n<br>\nThanks, and feel free to reach out for any questions. Take good care always! &nbsp;<br>\n<br>\nSincerely,<br>\nCSC Agile Simplify Process Squad&nbsp;</p>","emailMessage/Cc":"CSC_Bright_Idea@manulife.com@{triggerOutputs()?['body/Leader/Email']}","emailMessage/Attachments":[{"Name":"Bright Idea Presentation Template -@{triggerOutputs()?['body/Bright_x0020_Idea_x0020_Title']} - @{triggerOutputs()?['body/Author/DisplayName']}.pptx","ContentBytes":"@body('Get_file_content_using_path')"}],"emailMessage/Sensitivity":"5a27cab5-59e6-424d-abbb-227cd06504a3","emailMessage/ReplyTo":"CSC_Bright_Idea@manulife.com","emailMessage/Importance":"High"},"authentication":"@parameters('$authentication')"}},"Delay_8":{"runAfter":{"Approved_2nd_follow_up":["Succeeded"]},"metadata":{"operationMetadataId":"472ef75f-b32c-4ea3-bd44-0e249e5039e0"},"type":"Wait","inputs":{"interval":{"count":7,"unit":"Day"}}},"Check_ppt_3":{"actions":{},"runAfter":{"Delay_8":["Succeeded"]},"else":{"actions":{"Approved_3rd_follow_up_":{"runAfter":{},"metadata":{"operationMetadataId":"311c2c32-ffbf-4d18-ac43-a41fca91f77f"},"type":"OpenApiConnection","inputs":{"host":{"apiId":"/providers/Microsoft.PowerApps/apis/shared_office365","connectionName":"shared_office365","operationId":"SharedMailboxSendEmailV2"},"parameters":{"emailMessage/MailboxAddress":"CSC_Bright_Idea@manulife.com","emailMessage/To":"@triggerOutputs()?['body/Author/Email']","emailMessage/Subject":"Approved Bright Idea - \"@{triggerOutputs()?['body/Bright_x0020_Idea_x0020_Title']}\" - 3rd follow-up","emailMessage/Body":"<p>Hello, Bright Idea Sender,<br>\n<br>\nI hope all is well.<br>\n<br>\nWe have received your approved bright idea entry, and we would like to tell you— YOU ARE A ROCKSTAR!<br>\n<br>\nWe think your idea is a potential cost saving and you have our support in getting this reviewed further!<br>\n<br>\nWe would like to invite you in the Initiation and Conception stage of this idea starting off with a discovery meeting. &nbsp;<br>\n<br>\nPlease complete the attached presentation template with more details about your idea and respond to this email within <em><strong>10 business days</strong></em> from receipt of this email.<br>\nOnce received, we will set up a meeting with you and your Leader to discuss your bright idea further.<br>\n<br>\n<strong>*Please ensure to keep the naming convention of the file as is for ease of tracking when sending it back to us.</strong><br>\n<br>\nThanks, and feel free to reach out for any questions. Take good care always! &nbsp;<br>\n<br>\nSincerely,<br>\nCSC Agile Simplify Process Squad&nbsp;</p>","emailMessage/Cc":"CSC_Bright_Idea@manulife.com@{triggerOutputs()?['body/Leader/Email']}","emailMessage/Attachments":[{"Name":"Bright Idea Presentation Template -@{triggerOutputs()?['body/Bright_x0020_Idea_x0020_Title']} - @{triggerOutputs()?['body/Author/DisplayName']}.pptx","ContentBytes":"@body('Get_file_content_using_path')"}],"emailMessage/Sensitivity":"5a27cab5-59e6-424d-abbb-227cd06504a3","emailMessage/ReplyTo":"CSC_Bright_Idea@manulife.com","emailMessage/Importance":"High"},"authentication":"@parameters('$authentication')"}},"Delay_9":{"runAfter":{"Approved_3rd_follow_up_":["Succeeded"]},"metadata":{"operationMetadataId":"472ef75f-b32c-4ea3-bd44-0e249e5039e0"},"type":"Wait","inputs":{"interval":{"count":7,"unit":"Day"}}},"Check_ppt_4":{"actions":{},"runAfter":{"Delay_9":["Succeeded"]},"else":{"actions":{"Approved_final_follow_up":{"runAfter":{},"metadata":{"operationMetadataId":"311c2c32-ffbf-4d18-ac43-a41fca91f77f"},"type":"OpenApiConnection","inputs":{"host":{"apiId":"/providers/Microsoft.PowerApps/apis/shared_office365","connectionName":"shared_office365","operationId":"SharedMailboxSendEmailV2"},"parameters":{"emailMessage/MailboxAddress":"CSC_Bright_Idea@manulife.com","emailMessage/To":"@triggerOutputs()?['body/Author/Email']","emailMessage/Subject":"Approved Bright Idea - \"@{triggerOutputs()?['body/Bright_x0020_Idea_x0020_Title']}\" - Final follow up","emailMessage/Body":"<p>Hello Bright Idea Sender,<br>\n<br>\nThis serves as our final follow-up with you regarding your bright idea submission.<br>\n<br>\nIf you are interested in pursuing your presentation with the CSC Bright idea squad, please confirm via email<strong> within 5 business days</strong> from receipt of this email. Once we hear from you, we will send you a calendar invite so we can discuss your idea in more detail.<br>\n<br>\nIf no response is received from you <strong>after 5 business days</strong>, we will proceed with closing the item and forfeit your bright idea entry.<br>\n<br>\nWe look forward to your response and more of your bright ideas!<br>\n<br>\nThank you and we hope to hear from you. Enjoy your day!<br>\n<br>\nSincerely,<br>\nCSC Agile Simplify Process Squad</p>","emailMessage/Cc":"CSC_Bright_Idea@manulife.com@{triggerOutputs()?['body/Leader/Email']}","emailMessage/Attachments":[{"Name":"Bright Idea Presentation Template -@{triggerOutputs()?['body/Bright_x0020_Idea_x0020_Title']} - @{triggerOutputs()?['body/Author/DisplayName']}.pptx","ContentBytes":"@body('Get_file_content_using_path')"}],"emailMessage/Sensitivity":"5a27cab5-59e6-424d-abbb-227cd06504a3","emailMessage/ReplyTo":"CSC_Bright_Idea@manulife.com","emailMessage/Importance":"High"},"authentication":"@parameters('$authentication')"}},"Delay_10":{"runAfter":{"Approved_final_follow_up":["Succeeded"]},"metadata":{"operationMetadataId":"05a24443-954f-42dd-ab41-5768390dbf85"},"type":"Wait","inputs":{"interval":{"count":5,"unit":"Day"}}},"Condition_2":{"actions":{},"runAfter":{"Delay_10":["Succeeded"]},"else":{"actions":{"Update_item_2":{"runAfter":{},"metadata":{"operationMetadataId":"647f2f0a-03ca-47cb-9179-1257345b2797"},"type":"OpenApiConnection","inputs":{"host":{"apiId":"/providers/Microsoft.PowerApps/apis/shared_sharepointonline","connectionName":"shared_sharepointonline","operationId":"PatchItem"},"parameters":{"dataset":"https://mfc.sharepoint.com/sites/MBPS_CSC","table":"a6e84fcc-cb89-40d3-bce8-8f53eb50fc62","id":"@triggerOutputs()?['body/ID']","item/Bright_x0020_Idea_x0020_Title":"@triggerOutputs()?['body/Bright_x0020_Idea_x0020_Title']","item/Status/Value":"Closed - not pursued"},"authentication":"@parameters('$authentication')"}}}},"expression":{"contains":["@items('Apply_to_each')?['{Name}']","@triggerOutputs()?['body/Bright_x0020_Idea_x0020_Title']"]},"metadata":{"operationMetadataId":"d8ae13b9-3904-4b58-8c51-9a38e4b60d6c"},"type":"If"}}},"expression":{"contains":["@items('Apply_to_each')?['{Name}']","@triggerOutputs()?['body/Bright_x0020_Idea_x0020_Title']"]},"metadata":{"operationMetadataId":"1c6b6911-6cde-431e-9133-09d237a34124"},"type":"If"}}},"expression":{"contains":["@items('Apply_to_each')?['{Name}']","@triggerOutputs()?['body/Bright_x0020_Idea_x0020_Title']"]},"metadata":{"operationMetadataId":"1c6b6911-6cde-431e-9133-09d237a34124"},"type":"If"}}},"expression":{"contains":["@items('Apply_to_each')?['{Name}']","@triggerOutputs()?['body/Bright_x0020_Idea_x0020_Title']"]},"metadata":{"operationMetadataId":"1c6b6911-6cde-431e-9133-09d237a34124"},"type":"If"}}},"expression":{"contains":["@items('Apply_to_each')?['{Name}']","@triggerOutputs()?['body/Bright_x0020_Idea_x0020_Title']"]},"metadata":{"operationMetadataId":"0fef8ea4-5229-4d22-ae13-2a6daae2a30b"},"type":"If"}},"runAfter":{"Get_files_(properties_only)":["Succeeded"]},"metadata":{"operationMetadataId":"5c38b12b-15f8-4444-960d-14041baee22c"},"type":"Foreach"}},"runAfter":{},"expression":{"equals":["@triggerOutputs()?['body/Status/Value']","Approved"]},"metadata":{"operationMetadataId":"f4cca92e-b9d0-4c83-810d-7e509f47a870"},"type":"If"},"Declined_or_Duplicate":{"actions":{"Send_an_email_from_a_shared_mailbox_(V2)_2":{"runAfter":{},"metadata":{"operationMetadataId":"0a9e727e-2e93-4962-b665-b9b1a50bb10b"},"type":"OpenApiConnection","inputs":{"host":{"apiId":"/providers/Microsoft.PowerApps/apis/shared_office365","connectionName":"shared_office365","operationId":"SharedMailboxSendEmailV2"},"parameters":{"emailMessage/MailboxAddress":"CSC_Bright_Idea@manulife.com","emailMessage/To":"@triggerOutputs()?['body/Author/Email']","emailMessage/Subject":"@triggerOutputs()?['body/Bright_x0020_Idea_x0020_Title']","emailMessage/Body":"<p>Hi @{triggerOutputs()?['body/Author/DisplayName']}<br>\n<br>\nThank you for sending your Bright Idea!<br>\nPlease note your bright idea has been reviewed by your leader and has been declined due to non-cost saving/duplicate item.<br>\nHere are some items to consider when submitting new bright ideas for your reference:<br>\n• Will this have impact to calls/email volumes/chat/AHT/capacity/etc.? &nbsp;<br>\n• Will this address the challenge in making things easier, better, and faster? &nbsp;<br>\n• Is the idea or process already existing?<br>\n• Is there any restriction or risk associated when implementing the bright idea?<br>\n<br>\nWe highly encourage you to reach out to your Leader for any questions/concerns and keep your bright ideas coming!<br>\n<br>\nThank you,<br>\nCSC Bright Idea</p>","emailMessage/Importance":"Normal"},"authentication":"@parameters('$authentication')"}}},"runAfter":{},"expression":{"or":[{"equals":["@triggerOutputs()?['body/Status/Value']","Declined"]},{"equals":["@triggerOutputs()?['body/Status/Value']","Duplicate"]}]},"metadata":{"operationMetadataId":"1af8194d-0adf-447c-b38e-38401609a9e8"},"type":"If"}},"description":"send email once an entry is created\nsend follow up email for pending status 4 times\nsend follow up email for approved status 4 times\nsend email for declined and duplicate idea"},"connectionReferences":{"shared_office365":{"connectionName":"429a344bb9dd4f41aa647d1f56127975","source":"Embedded","id":"/providers/Microsoft.PowerApps/apis/shared_office365","tier":"NotSpecified"},"shared_sharepointonline":{"connectionName":"f8bb2388983f4cd7aacc690a74a68fe7","source":"Embedded","id":"/providers/Microsoft.PowerApps/apis/shared_sharepointonline","tier":"NotSpecified"}},"flowFailureAlertSubscribed":false,"isManaged":false}}