{"name":"1e0c3151-3273-4502-8a33-0048e37d4274","id":"/providers/Microsoft.Flow/flows/1e0c3151-3273-4502-8a33-0048e37d4274","type":"Microsoft.Flow/flows","properties":{"apiId":"/providers/Microsoft.PowerApps/apis/shared_logicflows","displayName":"Upload file to Intake Tool Folder","definition":{"metadata":{"workflowEntityId":null,"processAdvisorMetadata":null,"flowChargedByPaygo":null,"flowclientsuspensionreason":"None","flowclientsuspensiontime":null,"flowclientsuspensionreasondetails":"","creator":{"id":"6f522444-4c87-4ca7-af4b-c450791c3162","type":"User","tenantId":"5d3e2773-e07f-4432-a630-1a0f68a28a05"},"provisioningMethod":"FromDefinition","failureAlertSubscription":true,"clientLastModifiedTime":"2024-07-02T19:59:39.1714908Z","connectionKeySavedTimeKey":"2024-06-12T17:28:18.7307928Z"},"$schema":"https://schema.management.azure.com/providers/Microsoft.Logic/schemas/2016-06-01/workflowdefinition.json#","contentVersion":"1.0.0.0","parameters":{"$connections":{"defaultValue":{},"type":"Object"},"$authentication":{"defaultValue":{},"type":"SecureObject"}},"triggers":{"manual":{"metadata":{"operationMetadataId":"1c1e0f14-87e2-47b3-8ac4-03e0a242bb5e"},"type":"Request","kind":"PowerAppV2","inputs":{"schema":{"type":"object","properties":{"file":{"title":"IntakeToolFile","type":"object","x-ms-dynamically-added":true,"description":"Please select file or image","x-ms-content-hint":"FILE","properties":{"name":{"type":"string"},"contentBytes":{"type":"string","format":"byte"}}}},"required":[]}}}},"actions":{"Create_file":{"runAfter":{},"metadata":{"operationMetadataId":"6965771c-5a0b-489a-945d-359d8a9c70c5"},"type":"OpenApiConnection","inputs":{"host":{"apiId":"/providers/Microsoft.PowerApps/apis/shared_sharepointonline","connectionName":"shared_sharepointonline","operationId":"CreateFile"},"parameters":{"dataset":"https://mfc.sharepoint.com/sites/InsuranceServicesReporting","folderPath":"/Productivity Tracking/Intake Tool Attachments","name":"@triggerBody()?['file']?['name']","body":"@triggerBody()?['file']?['contentBytes']"},"authentication":{"value":"@json(decodeBase64(triggerOutputs().headers['X-MS-APIM-Tokens']))['$ConnectionKey']","type":"Raw"}},"runtimeConfiguration":{"contentTransfer":{"transferMode":"Chunked"}}},"Respond_to_a_Power_App_or_flow":{"runAfter":{"Create_file":["Succeeded"]},"metadata":{"operationMetadataId":"5e315419-0067-4df9-9dd5-561101ce6a64"},"type":"Response","kind":"PowerApp","inputs":{"statusCode":200,"body":{"file_uploaded":"yes"},"schema":{"type":"object","properties":{"file_uploaded":{"title":"file uploaded","x-ms-dynamically-added":true,"type":"string"}}}}}}},"connectionReferences":{"shared_sharepointonline":{"connectionName":"1bb3678a76f943faac66a4728ea704fc","source":"Invoker","id":"/providers/Microsoft.PowerApps/apis/shared_sharepointonline","tier":"NotSpecified"}},"flowFailureAlertSubscribed":false,"isManaged":false}}