{"schemaVersion":"1.0","appDefinitionTemplate":{"id":"/providers/Microsoft.PowerApps/apps/","type":"Microsoft.PowerApps/apps","tags":{"primaryDeviceWidth":"1366","primaryDeviceHeight":"768","supportsPortrait":"true","supportsLandscape":"true","primaryFormFactor":"Tablet","showStatusBar":"false","publisherVersion":"3.24064.18","minimumRequiredApiVersion":"2.2.0","hasComponent":"false","hasUnlockedComponent":"false","isUnifiedRootApp":"false","sienaVersion":"20240624T183040Z-3.24062.17.0"},"properties":{"appVersion":"2024-07-04T19:20:08Z","lifeCycleId":"Published","createdByClientVersion":{"major":3,"minor":24064,"build":18,"revision":0,"majorRevision":0,"minorRevision":0},"minClientVersion":{"major":3,"minor":24064,"build":18,"revision":0,"majorRevision":0,"minorRevision":0},"backgroundColor":"RGBA(0,176,240,1)","backgroundImageUri":"/16333150915655816252/N064ec185-cd75-4f9e-985e-d6fa4cc099fc-logoSmallFile","displayName":"Insurance Operations Intake Tool New","description":"An app to submit requests to Insurance Operations Reporting Team","commitMessage":"","appUris":{"documentUri":{"value":"/16333150915655816252/N20a38afe-1b6f-4241-866c-54cf3f887146-document.msapp"},"imageUris":[],"additionalUris":[{"isSolutionAware":false,"value":"/16333150915655816252/Nbd3b9b22-d235-4feb-a38f-72e95f76aac1-identity.json"}]},"createdTime":"0001-01-01T00:00:00Z","lastModifiedTime":"0001-01-01T00:00:00Z","sharedGroupsCount":0,"sharedUsersCount":0,"connectionReferences":{"805c3856-f1e2-4c1b-a572-06ba9df1606a":{"id":"e418fb19-565b-4e4d-bcd0-73a6793116de","displayName":"SharePoint","iconUri":"https://connectoricons-prod.azureedge.net/u/jayawan/releases/v1.0.1697/1.0.1697.3786/sharepointonline/icon.png","dataSources":["Intake Tool_6","Productivity Tracking","Intake Tool Admins","Intake Tool Directors"],"dependencies":[],"dependents":["bd7d1a14-cc5e-4bcb-9964-9c42ca4efce6"],"parameterHints":{},"parameterHintsV2":{},"isOnPremiseConnection":false,"bypassConsent":false,"dataSets":{"https://mfc.sharepoint.com/sites/InsuranceServicesReporting":{"dataSources":{"Intake Tool_6":{"tableName":"48fb817a-d18a-4118-bd93-42934e8ba5ff"},"Productivity Tracking":{"tableName":"03dd899d-1846-453f-996a-f048eef06dfc"},"Intake Tool Admins":{"tableName":"82ab1c19-b760-45bc-987f-c3f8419e122d"},"Intake Tool Directors":{"tableName":"f45cce77-fb08-476c-abb6-651d053f62b3"}}}},"apiTier":"Standard","isCustomApiConnection":false,"actions":["providers/PowerPlatform.Governance/Operations/Read","providers/PowerPlatform.Governance/Operations/Write"]},"3bf101c0-9191-4857-ab89-37715013c7b6":{"id":"f45ce9dd-4e2e-4310-a722-fc645778c3f0","displayName":"Office 365 Users","iconUri":"https://connectoricons-prod.azureedge.net/releases/v1.0.1694/1.0.1694.3752/office365users/icon.png","dataSources":["Office365Users"],"dependencies":[],"dependents":[],"parameterHints":{},"parameterHintsV2":{},"isOnPremiseConnection":false,"bypassConsent":false,"dataSets":{},"apiTier":"Standard","isCustomApiConnection":false,"actions":["SearchUserV2"]},"b0b0a983-f350-4edf-b4f3-0abd0c49a054":{"id":"05468109-610f-4866-9542-1d6eda12c174","displayName":"Excel Online (Business)","iconUri":"https://connectoricons-prod.azureedge.net/releases/v1.0.1694/1.0.1694.3752/excelonlinebusiness/icon.png","dataSources":["Table1"],"dependencies":[],"dependents":[],"parameterHints":{},"parameterHintsV2":{},"isOnPremiseConnection":false,"bypassConsent":false,"dataSets":{"sites%252Fmfc.sharepoint.com%252C6fb4fb40-fe27-4733-80bc-c65c5669617d%252C240c2f49-6fed-4347-9499-024b90b53eb5,b%2521QPu0byf-M0eAvMZcVmlhfUkvDCTtb0dDlJkCS5C1PrWdid0DRhg_RZlq8Eju8G38,01UFJHO4EFEREVW7OSPBCJOB3CFI2RVU4W":{"dataSources":{"Table1":{"tableName":"{0E425269-B20A-4B1E-A7B3-F3525538D62A}"}}}},"apiTier":"Standard","isCustomApiConnection":false,"actions":["providers/PowerPlatform.Governance/Operations/Read"]},"bd7d1a14-cc5e-4bcb-9964-9c42ca4efce6":{"id":"1deaab62-fa37-42ac-8762-1fdb572d1192","displayName":"Logic flows","iconUri":"https://connectoricons-prod.azureedge.net/releases/v1.0.1697/1.0.1697.3780/logicflows/icon.png","dataSources":["UploadfiletoIntakeToolFolder"],"dependencies":["805c3856-f1e2-4c1b-a572-06ba9df1606a"],"dependents":[],"parameterHints":{"workflowName":{"value":"83ff6997-f093-41c9-a81c-5fac1ffb9f28"},"workflowEntityId":{},"workflowDisplayName":{"value":"Upload file to Intake Tool Folder"},"805c3856-f1e2-4c1b-a572-06ba9df1606a":{"value":"shared_sharepointonline"}},"parameterHintsV2":{"workflowName":{"value":"83ff6997-f093-41c9-a81c-5fac1ffb9f28"},"workflowEntityId":{},"workflowDisplayName":{"value":"Upload file to Intake Tool Folder"},"shared_sharepointonline":{"value":"805c3856-f1e2-4c1b-a572-06ba9df1606a"}},"isOnPremiseConnection":false,"bypassConsent":false,"dataSets":{},"apiTier":"Standard","isCustomApiConnection":false,"actions":["Run"],"nestedActions":[{"id":"/providers/Microsoft.PowerApps/apis/shared_sharepointonline/apiOperations/CreateFile","apiName":"SharePoint","actionName":"CreateFile","referencedResources":[{"key":"site","value":"https://mfc.sharepoint.com/sites/InsuranceServicesReporting"}]}]}},"databaseReferences":{},"almMode":"Environment","performanceOptimizationEnabled":true,"canConsumeAppPass":true,"enableModernRuntimeMode":false,"executionRestrictions":{"isTeamsOnly":false,"dataLossPreventionEvaluationResult":{"status":"Compliant","lastEvaluationDate":"2024-07-04T19:20:59.3576923Z","violations":[],"violationsByPolicy":[],"violationErrorMessage":"The app uses the following connectors: shared_sharepointonline, shared_office365users, shared_excelonlinebusiness, shared_logicflows."},"httpActionRestriction":{"appUsesSharepointHttpAction":false,"enforcementStrategy":"Legacy","evaluationTime":"2024-07-04T19:20:59.3575589Z"}}},"appType":"ClassicCanvasApp","appComponents":[]}}